start	end	type	var
13	20	FLOWS_TO	
20	26	FLOWS_TO	
20	14	FLOWS_TO	
26	35	FLOWS_TO	
35	44	FLOWS_TO	
35	54	FLOWS_TO	
44	14	FLOWS_TO	
54	65	FLOWS_TO	
65	76	FLOWS_TO	
76	83	FLOWS_TO	
83	14	FLOWS_TO	
65	83	REACHES	workflow_id
54	76	REACHES	invoice_layout_id
26	35	REACHES	wcmb_nonce
92	97	FLOWS_TO	
97	99	FLOWS_TO	
99	106	FLOWS_TO	
106	110	FLOWS_TO	
110	118	FLOWS_TO	
110	145	FLOWS_TO	
118	126	FLOWS_TO	
126	128	FLOWS_TO	
128	135	FLOWS_TO	
135	137	FLOWS_TO	
137	140	FLOWS_TO	
140	404	FLOWS_TO	
145	147	FLOWS_TO	
147	154	FLOWS_TO	
154	156	FLOWS_TO	
156	164	FLOWS_TO	
164	177	FLOWS_TO	
177	185	FLOWS_TO	
185	194	FLOWS_TO	
194	203	FLOWS_TO	
203	217	FLOWS_TO	
217	230	FLOWS_TO	
230	238	FLOWS_TO	
238	241	FLOWS_TO	
241	248	FLOWS_TO	
241	282	FLOWS_TO	
248	261	FLOWS_TO	
261	241	FLOWS_TO	
282	284	FLOWS_TO	
284	286	FLOWS_TO	
286	293	FLOWS_TO	
293	295	FLOWS_TO	
295	304	FLOWS_TO	
304	318	FLOWS_TO	
318	331	FLOWS_TO	
331	339	FLOWS_TO	
339	342	FLOWS_TO	
342	351	FLOWS_TO	
342	392	FLOWS_TO	
351	358	FLOWS_TO	
351	342	FLOWS_TO	
358	371	FLOWS_TO	
371	342	FLOWS_TO	
392	394	FLOWS_TO	
394	396	FLOWS_TO	
396	402	FLOWS_TO	
402	404	FLOWS_TO	
404	93	FLOWS_TO	
164	203	REACHES	headers
164	304	REACHES	headers
217	241	REACHES	documentStyleData
295	304	REACHES	workflowIdURL
177	185	REACHES	wcmb_moneybird_selected_administration
230	248	REACHES	get_invoice_id
203	217	REACHES	getDocumentstyleData
118	137	REACHES	MoneybirdApiSetting
156	164	REACHES	access_token
185	194	REACHES	administratorId
185	295	REACHES	administratorId
304	318	REACHES	getworkflowIdData
194	203	REACHES	DocumentstyleUrl
318	342	REACHES	workflowIdData
248	261	REACHES	selected
331	358	REACHES	get_workflow_id
358	371	REACHES	selected
3	6	FLOWS_TO	
6	4	FLOWS_TO	
419	424	FLOWS_TO	
424	440	FLOWS_TO	
440	420	FLOWS_TO	
463	468	FLOWS_TO	
468	480	FLOWS_TO	
480	496	FLOWS_TO	
496	464	FLOWS_TO	
518	521	FLOWS_TO	
521	527	FLOWS_TO	
527	538	FLOWS_TO	
538	519	FLOWS_TO	
527	538	REACHES	columns
550	553	FLOWS_TO	
553	559	FLOWS_TO	
559	564	FLOWS_TO	
564	569	FLOWS_TO	
564	551	FLOWS_TO	
569	586	FLOWS_TO	
586	589	FLOWS_TO	
586	551	FLOWS_TO	
589	551	FLOWS_TO	
559	569	REACHES	post
553	564	REACHES	column_name
569	586	REACHES	invoice_url
569	589	REACHES	invoice_url
619	624	FLOWS_TO	
624	637	FLOWS_TO	
637	646	FLOWS_TO	
637	656	FLOWS_TO	
646	620	FLOWS_TO	
656	667	FLOWS_TO	
667	678	FLOWS_TO	
678	685	FLOWS_TO	
685	692	FLOWS_TO	
692	696	FLOWS_TO	
696	701	FLOWS_TO	
701	709	FLOWS_TO	
709	719	FLOWS_TO	
719	732	FLOWS_TO	
732	739	FLOWS_TO	
739	748	FLOWS_TO	
748	751	FLOWS_TO	
751	620	FLOWS_TO	
732	739	REACHES	result
739	748	REACHES	resultJson
656	678	REACHES	clientId
656	696	REACHES	clientId
719	732	REACHES	getAuthorizeUrl
667	685	REACHES	secretId
701	719	REACHES	callback
624	637	REACHES	wcmb_nonce
709	719	REACHES	scopes
696	719	REACHES	client_id
767	772	FLOWS_TO	
772	777	FLOWS_TO	
777	782	FLOWS_TO	
782	787	FLOWS_TO	
787	792	FLOWS_TO	
792	797	FLOWS_TO	
797	802	FLOWS_TO	
802	806	FLOWS_TO	
806	814	FLOWS_TO	
814	820	FLOWS_TO	
820	827	FLOWS_TO	
827	836	FLOWS_TO	
836	839	FLOWS_TO	
839	768	FLOWS_TO	
827	836	REACHES	resultJson
820	827	REACHES	redirectresult
806	820	REACHES	redirekUrl
843	848	FLOWS_TO	
848	850	FLOWS_TO	
850	857	FLOWS_TO	
857	861	FLOWS_TO	
861	867	FLOWS_TO	
861	876	FLOWS_TO	
867	869	FLOWS_TO	
869	874	FLOWS_TO	
874	876	FLOWS_TO	
876	882	FLOWS_TO	
882	888	FLOWS_TO	
882	892	FLOWS_TO	
888	892	FLOWS_TO	
892	898	FLOWS_TO	
898	904	FLOWS_TO	
898	908	FLOWS_TO	
904	908	FLOWS_TO	
908	910	FLOWS_TO	
910	917	FLOWS_TO	
917	919	FLOWS_TO	
919	926	FLOWS_TO	
926	928	FLOWS_TO	
928	934	FLOWS_TO	
934	936	FLOWS_TO	
936	939	FLOWS_TO	
939	941	FLOWS_TO	
941	948	FLOWS_TO	
948	950	FLOWS_TO	
950	957	FLOWS_TO	
957	959	FLOWS_TO	
959	965	FLOWS_TO	
965	967	FLOWS_TO	
967	970	FLOWS_TO	
970	974	FLOWS_TO	
974	980	FLOWS_TO	
974	1168	FLOWS_TO	
980	982	FLOWS_TO	
982	989	FLOWS_TO	
989	991	FLOWS_TO	
991	997	FLOWS_TO	
997	999	FLOWS_TO	
999	1006	FLOWS_TO	
1006	1008	FLOWS_TO	
1008	1015	FLOWS_TO	
1015	1017	FLOWS_TO	
1017	1024	FLOWS_TO	
1024	1030	FLOWS_TO	
1030	1032	FLOWS_TO	
1032	1040	FLOWS_TO	
1040	1044	FLOWS_TO	
1044	1047	FLOWS_TO	
1044	1166	FLOWS_TO	
1047	1049	FLOWS_TO	
1049	1056	FLOWS_TO	
1056	1058	FLOWS_TO	
1058	1065	FLOWS_TO	
1065	1067	FLOWS_TO	
1067	1074	FLOWS_TO	
1074	1076	FLOWS_TO	
1076	1083	FLOWS_TO	
1083	1085	FLOWS_TO	
1085	1092	FLOWS_TO	
1092	1094	FLOWS_TO	
1094	1101	FLOWS_TO	
1101	1103	FLOWS_TO	
1103	1110	FLOWS_TO	
1110	1112	FLOWS_TO	
1112	1119	FLOWS_TO	
1119	1121	FLOWS_TO	
1121	1128	FLOWS_TO	
1128	1130	FLOWS_TO	
1130	1137	FLOWS_TO	
1137	1139	FLOWS_TO	
1139	1146	FLOWS_TO	
1146	1148	FLOWS_TO	
1148	1155	FLOWS_TO	
1155	1157	FLOWS_TO	
1157	1164	FLOWS_TO	
1164	1166	FLOWS_TO	
1166	1168	FLOWS_TO	
1168	1170	FLOWS_TO	
1170	1174	FLOWS_TO	
1174	1180	FLOWS_TO	
1174	1244	FLOWS_TO	
1180	1188	FLOWS_TO	
1188	1196	FLOWS_TO	
1196	1206	FLOWS_TO	
1206	1219	FLOWS_TO	
1219	1230	FLOWS_TO	
1230	1281	FLOWS_TO	
1244	1252	FLOWS_TO	
1252	1259	FLOWS_TO	
1259	1270	FLOWS_TO	
1270	1281	FLOWS_TO	
1281	1283	FLOWS_TO	
1283	844	FLOWS_TO	
1244	1252	REACHES	create_nonce
1032	1044	REACHES	wcmb_moneybird_selected_administration
1032	1067	REACHES	wcmb_moneybird_selected_administration
1032	1085	REACHES	wcmb_moneybird_selected_administration
1032	1103	REACHES	wcmb_moneybird_selected_administration
1032	1121	REACHES	wcmb_moneybird_selected_administration
1032	1139	REACHES	wcmb_moneybird_selected_administration
1032	1157	REACHES	wcmb_moneybird_selected_administration
1180	1206	REACHES	client_id
876	936	REACHES	x
888	936	REACHES	x
904	967	REACHES	y
892	967	REACHES	y
1188	1206	REACHES	callback
1196	1206	REACHES	scopes
1287	1290	FLOWS_TO	
1290	1294	FLOWS_TO	
1294	1298	FLOWS_TO	
1298	1304	FLOWS_TO	
1304	1308	FLOWS_TO	
1308	1288	FLOWS_TO	
1304	1308	REACHES	pattern
1294	1308	REACHES	callback
1298	1308	REACHES	scopes
1290	1308	REACHES	client_id
1332	1335	FLOWS_TO	
1335	1339	FLOWS_TO	
1339	1343	FLOWS_TO	
1343	1347	FLOWS_TO	
1347	1353	FLOWS_TO	
1353	1357	FLOWS_TO	
1357	1414	FLOWS_TO	
1414	1421	FLOWS_TO	
1414	1452	FLOWS_TO	
1421	1433	FLOWS_TO	
1433	1447	FLOWS_TO	
1447	1333	FLOWS_TO	
1452	1465	FLOWS_TO	
1465	1333	FLOWS_TO	
1353	1357	REACHES	AccesstokenUrl
1421	1433	REACHES	error_message
1357	1414	REACHES	getAccessrokenData
1357	1421	REACHES	getAccessrokenData
1357	1452	REACHES	getAccessrokenData
1452	1465	REACHES	access_request
1339	1357	REACHES	callback
1343	1357	REACHES	client_secret
1347	1357	REACHES	request_code
1335	1357	REACHES	client_id
1476	1481	FLOWS_TO	
1481	1491	FLOWS_TO	
1491	1499	FLOWS_TO	
1491	1522	FLOWS_TO	
1499	1507	FLOWS_TO	
1507	1518	FLOWS_TO	
1518	1522	FLOWS_TO	
1522	1528	FLOWS_TO	
1522	1477	FLOWS_TO	
1528	1535	FLOWS_TO	
1535	1543	FLOWS_TO	
1543	1551	FLOWS_TO	
1551	1568	FLOWS_TO	
1568	1573	FLOWS_TO	
1568	1904	FLOWS_TO	
1573	1578	FLOWS_TO	
1573	1853	FLOWS_TO	
1578	1585	FLOWS_TO	
1585	1598	FLOWS_TO	
1598	1602	FLOWS_TO	
1602	1624	FLOWS_TO	
1624	1631	FLOWS_TO	
1624	1659	FLOWS_TO	
1631	1643	FLOWS_TO	
1643	1654	FLOWS_TO	
1654	1477	FLOWS_TO	
1659	1674	FLOWS_TO	
1674	1679	FLOWS_TO	
1674	1705	FLOWS_TO	
1679	1692	FLOWS_TO	
1692	1703	FLOWS_TO	
1703	1705	FLOWS_TO	
1705	1712	FLOWS_TO	
1712	1720	FLOWS_TO	
1720	1729	FLOWS_TO	
1729	1738	FLOWS_TO	
1738	1752	FLOWS_TO	
1752	1765	FLOWS_TO	
1765	1774	FLOWS_TO	
1774	1781	FLOWS_TO	
1781	1790	FLOWS_TO	
1790	1804	FLOWS_TO	
1804	1817	FLOWS_TO	
1817	1826	FLOWS_TO	
1826	1833	FLOWS_TO	
1833	1842	FLOWS_TO	
1842	1477	FLOWS_TO	
1853	1860	FLOWS_TO	
1853	1882	FLOWS_TO	
1860	1877	FLOWS_TO	
1877	1477	FLOWS_TO	
1882	1899	FLOWS_TO	
1899	1477	FLOWS_TO	
1904	1918	FLOWS_TO	
1918	1477	FLOWS_TO	
1765	1774	REACHES	getDocumentStyleId
1535	1551	REACHES	getClientId
1781	1790	REACHES	workflowIdURL
1528	1551	REACHES	access_code
1551	1578	REACHES	access_request
1551	1568	REACHES	access_request
1551	1573	REACHES	access_request
1659	1674	REACHES	administrater
1659	1679	REACHES	administrater
1659	1705	REACHES	administrater
1551	1833	REACHES	access_request
1551	1853	REACHES	access_request
1551	1860	REACHES	access_request
1551	1882	REACHES	access_request
1712	1720	REACHES	wcmb_moneybird_selected_administration
1481	1507	REACHES	wcmb_plugin_callback_url
1481	1551	REACHES	wcmb_plugin_callback_url
1481	1643	REACHES	wcmb_plugin_callback_url
1481	1692	REACHES	wcmb_plugin_callback_url
1481	1842	REACHES	wcmb_plugin_callback_url
1481	1860	REACHES	wcmb_plugin_callback_url
1481	1882	REACHES	wcmb_plugin_callback_url
1481	1904	REACHES	wcmb_plugin_callback_url
1729	1738	REACHES	DocumentstyleIdUrl
1602	1624	REACHES	getAdministraterData
1602	1631	REACHES	getAdministraterData
1602	1659	REACHES	getAdministraterData
1804	1817	REACHES	workflowIdData
1499	1507	REACHES	error_message
1598	1602	REACHES	administrationsUrl
1631	1643	REACHES	error_message
1679	1692	REACHES	error_message
1585	1602	REACHES	headers
1585	1738	REACHES	headers
1585	1790	REACHES	headers
1543	1551	REACHES	getSecreteId
1817	1826	REACHES	getworkflowId
1752	1765	REACHES	documentStyleIdData
1578	1585	REACHES	accessToken
1720	1729	REACHES	administratorId
1720	1781	REACHES	administratorId
1738	1752	REACHES	getDocumentstyleIdData
1790	1804	REACHES	getworkflowIdData
409	412	FLOWS_TO	
412	456	FLOWS_TO	
456	511	FLOWS_TO	
511	542	FLOWS_TO	
542	606	FLOWS_TO	
606	612	FLOWS_TO	
612	754	FLOWS_TO	
754	760	FLOWS_TO	
760	1469	FLOWS_TO	
1469	410	FLOWS_TO	
1952	1955	FLOWS_TO	
1955	1963	FLOWS_TO	
1963	1967	FLOWS_TO	
1963	1969	FLOWS_TO	
1967	1953	FLOWS_TO	
1969	1979	FLOWS_TO	
1979	1983	FLOWS_TO	
1979	1987	FLOWS_TO	
1983	1953	FLOWS_TO	
1987	1999	FLOWS_TO	
1987	2584	FLOWS_TO	
1999	2012	FLOWS_TO	
2012	2016	FLOWS_TO	
2016	2030	FLOWS_TO	
2030	2043	FLOWS_TO	
2043	2052	FLOWS_TO	
2052	2061	FLOWS_TO	
2061	2069	FLOWS_TO	
2069	2077	FLOWS_TO	
2077	2085	FLOWS_TO	
2085	2093	FLOWS_TO	
2093	2101	FLOWS_TO	
2101	2109	FLOWS_TO	
2109	2123	FLOWS_TO	
2123	2137	FLOWS_TO	
2137	2152	FLOWS_TO	
2152	2157	FLOWS_TO	
2152	2169	FLOWS_TO	
2157	2292	FLOWS_TO	
2169	2200	FLOWS_TO	
2200	2209	FLOWS_TO	
2209	2249	FLOWS_TO	
2249	2256	FLOWS_TO	
2249	2272	FLOWS_TO	
2256	2264	FLOWS_TO	
2264	2292	FLOWS_TO	
2272	2285	FLOWS_TO	
2285	2292	FLOWS_TO	
2292	2296	FLOWS_TO	
2296	2307	FLOWS_TO	
2307	2313	FLOWS_TO	
2307	2327	FLOWS_TO	
2313	2327	FLOWS_TO	
2327	2333	FLOWS_TO	
2327	2345	FLOWS_TO	
2333	2345	FLOWS_TO	
2345	2349	FLOWS_TO	
2349	2354	FLOWS_TO	
2354	2364	FLOWS_TO	
2354	2414	FLOWS_TO	
2364	2372	FLOWS_TO	
2372	2385	FLOWS_TO	
2385	2398	FLOWS_TO	
2398	2411	FLOWS_TO	
2411	2354	FLOWS_TO	
2414	2423	FLOWS_TO	
2423	2432	FLOWS_TO	
2432	2441	FLOWS_TO	
2441	2481	FLOWS_TO	
2481	2488	FLOWS_TO	
2481	2504	FLOWS_TO	
2488	2496	FLOWS_TO	
2496	2559	FLOWS_TO	
2504	2519	FLOWS_TO	
2519	2522	FLOWS_TO	
2519	2559	FLOWS_TO	
2522	2529	FLOWS_TO	
2529	2543	FLOWS_TO	
2543	2559	FLOWS_TO	
2559	2568	FLOWS_TO	
2568	2576	FLOWS_TO	
2576	1953	FLOWS_TO	
2584	2597	FLOWS_TO	
2597	1953	FLOWS_TO	
2169	2209	REACHES	contactData
2030	2043	REACHES	administrater
2123	2137	REACHES	verifyEmailData
2085	2169	REACHES	userCompanyName
2077	2169	REACHES	userLastName
2522	2529	REACHES	invoice_id
2052	2354	REACHES	order
2052	2061	REACHES	order
2052	2069	REACHES	order
2052	2077	REACHES	order
2052	2085	REACHES	order
2052	2093	REACHES	order
2052	2576	REACHES	order
2052	2101	REACHES	order
2052	2559	REACHES	order
2052	2568	REACHES	order
2012	2016	REACHES	administrationsUrl
2256	2264	REACHES	error_message
2488	2496	REACHES	error_message
2285	2296	REACHES	contactId
2157	2296	REACHES	contactId
2423	2441	REACHES	postDataJson
2069	2169	REACHES	userFirstName
1969	1979	REACHES	access_token
1969	1999	REACHES	access_token
2093	2169	REACHES	userAddress
1955	1963	REACHES	order_id
1955	1987	REACHES	order_id
1955	2052	REACHES	order_id
1955	2584	REACHES	order_id
2398	2414	REACHES	oProducts
2345	2414	REACHES	oProducts
2209	2249	REACHES	createContactData
2209	2256	REACHES	createContactData
2209	2272	REACHES	createContactData
2137	2152	REACHES	verifyEmail
2137	2157	REACHES	verifyEmail
2043	2109	REACHES	addministrater_id
2043	2200	REACHES	addministrater_id
2043	2432	REACHES	addministrater_id
2043	2529	REACHES	addministrater_id
2016	2030	REACHES	getAdministraterData
2061	2109	REACHES	userEmail
2061	2169	REACHES	userEmail
2432	2441	REACHES	createInvoiceUrl
2504	2519	REACHES	invoiceData
2504	2522	REACHES	invoiceData
1999	2016	REACHES	headers
1999	2123	REACHES	headers
1999	2209	REACHES	headers
1999	2441	REACHES	headers
2364	2372	REACHES	product
2364	2385	REACHES	product
2109	2123	REACHES	verifyEmailUrl
2411	2372	REACHES	i
2349	2372	REACHES	i
2411	2385	REACHES	i
2349	2385	REACHES	i
2411	2398	REACHES	i
2349	2398	REACHES	i
2411	2411	REACHES	i
2349	2411	REACHES	i
2441	2481	REACHES	createInvoiceData
2441	2488	REACHES	createInvoiceData
2441	2504	REACHES	createInvoiceData
2272	2285	REACHES	contactDetail
2200	2209	REACHES	createcontactUrl
2414	2423	REACHES	postData
2529	2543	REACHES	invoice_url
2529	2568	REACHES	invoice_url
2584	2597	REACHES	invoice_url
1924	1927	FLOWS_TO	
1927	1935	FLOWS_TO	
1935	1943	FLOWS_TO	
1943	1925	FLOWS_TO	
722	1286	CALLS	
1209	1286	CALLS	
1554	1331	CALLS	
